"|","|__url","|__characteristics__Health Grooming__Amount Of Shedding","|__characteristics__Health Grooming__overall","|__characteristics__Health Grooming__Easy To Groom","|__characteristics__Health Grooming__Potential For Weight Gain","|__characteristics__Health Grooming__Drooling Potential","|__characteristics__Health Grooming__General Health","|__characteristics__Health Grooming__Size","|__characteristics__Trainability__Wanderlust Potential","|__characteristics__Trainability__Intelligence","|__characteristics__Trainability__overall","|__characteristics__Trainability__Prey Drive","|__characteristics__Trainability__Potential For Mouthiness","|__characteristics__Trainability__Tendency To Bark Or Howl","|__characteristics__Trainability__Easy To Train","|__characteristics__Exercise Needs__Potential For Playfulness","|__characteristics__Exercise Needs__Energy Level","|__characteristics__Exercise Needs__Exercise Needs","|__characteristics__Exercise Needs__overall","|__characteristics__Exercise Needs__Intensity","|__characteristics__Adaptability__Tolerates Cold Weather","|__characteristics__Adaptability__Good For Novice Owners","|__characteristics__Adaptability__Sensitivity Level","|__characteristics__Adaptability__overall","|__characteristics__Adaptability__Tolerates Hot Weather","|__characteristics__Adaptability__Tolerates Being Alone","|__characteristics__Adaptability__Adapts Well to Apartment Living","|__characteristics__All Around Friendliness__Affectionate with Family","|__characteristics__All Around Friendliness__Friendly Toward Strangers","|__characteristics__All Around Friendliness__overall","|__characteristics__All Around Friendliness__Kid Friendly","|__characteristics__All Around Friendliness__Dog Friendly","|__vital_stats__Dog Breed Group","|__vital_stats__Life Span__max","|__vital_stats__Life Span__min","|__vital_stats__Weight__max","|__vital_stats__Weight__min","|__vital_stats__Height__001","|__vital_stats__Height__002","|__vital_stats__Height__003"
"Azawakh","http://dogtime.com/dog-breeds/azawakh","3","4","5","3","5","3","3","2","3","3","4","4","3","2","2","3","3","3","3","2","2","3","3","4","3","2","3","2","3","3","3","Hound Dogs","15","12","55","33","1 foot"," 11 inches to 2 feet"," 5 inches tall at the shoulder"
"Fox Terrier","http://dogtime.com/dog-breeds/fox-terrier","4","3","2","2","3","4","2","3","4","3","2","2","2","4","5","4","4","4","4","3","3","3","3","4","3","3","4","3","3","4","2","Terrier Dogs","15","10","19","15","Up to 1 foot"," 3 inches tall at the shoulder",""
"Norwegian Buhund","http://dogtime.com/dog-breeds/norwegian-buhund","2","3","2","3","5","3","3","4","4","3","2","2","2","3","4","4","4","4","4","5","3","3","3","2","4","2","4","3","3","3","3","Herding Dogs","15","12","40","26","1 foot"," 4 inches to 1 foot"," 6 inches tall at the shoulder"
"Clumber Spaniel","http://dogtime.com/dog-breeds/clumber-spaniel","2","3","2","4","2","2","4","3","4","3","3","2","3","4","3","3","3","3","3","4","4","3","3","3","3","3","4","3","4","3","4","Sporting Dogs","12","12","85","55","1 foot"," 5 inches to 1 foot"," 8 inches tall at the shoulder"
"Rottweiler","http://dogtime.com/dog-breeds/rottweiler","3","4","5","5","2","1","5","2","4","3","2","2","2","4","4","3","3","4","4","3","2","3","3","3","3","2","4","2","3","4","3","Working Dogs","11","8","130","85","1 foot"," 10 inches to 2 feet"," 3 inches tall at the shoulder"
"Basenji","http://dogtime.com/dog-breeds/basenji","4","3","4","2","5","3","2","5","3","3","4","2","4","2","2","3","3","2","1","1","3","3","3","4","4","5","2","2","2","2","2","Hound Dogs","12","10","24","22","1 foot"," 4 inches to 1 foot"," 5 inches tall at the shoulder"
"Goldendoodle","http://dogtime.com/dog-breeds/goldendoodle","4","4","4","3","3","3","4","3","5","3","1","1","2","4","5","4","5","4","3","5","4","4","4","4","4","2","5","4","5","4","5","Hybrid Dogs","15","10","90","50","1 foot"," 8 inches to 2 feet tall at the shoulder",""
"Chihuahua","http://dogtime.com/dog-breeds/chihuahua","4","3","5","3","5","2","1","2","3","3","5","4","1","3","3","3","2","3","2","1","4","5","3","3","1","5","5","2","3","2","2","Companion Dogs","18","10","6","3","6 inches to 9 inches tall at the shoulder","",""
"English Toy Spaniel","http://dogtime.com/dog-breeds/english-toy-spaniel","3","3","3","3","5","3","1","2","3","3","4","3","2","3","4","3","2","3","3","2","4","3","3","2","1","4","5","2","3","1","4","Companion Dogs","12","10","14","8","10 inches to 11 inches tall at the shoulder","",""
"Canaan Dog","http://dogtime.com/dog-breeds/canaan-dog","3","3","3","2","5","4","3","2","4","3","3","3","3","4","3","4","4","4","3","3","3","4","4","5","3","3","4","2","3","2","3","Herding Dogs","15","12","55","35","1 foot"," 7 inches to 2 feet tall at the shoulder",""
"Brussels Griffon","http://dogtime.com/dog-breeds/brussels-griffon","2","3","3","3","3","3","1","5","4","3","1","3","2","4","5","3","3","4","3","5","4","3","4","4","4","5","5","3","4","5","3","Companion Dogs","15","12","12","7","7 inches to 8 inches tall at the shoulder","",""
"Old English Sheepdog","http://dogtime.com/dog-breeds/old-english-sheepdog","2","2","2","4","3","2","1","2","4","3","3","2","1","3","4","4","4","4","3","4","4","4","3","3","2","3","5","4","4","4","4","Herding Dogs","12","10","","","From 1 foot"," 9 inches tall at the shoulder",""
"Schipperke","http://dogtime.com/dog-breeds/schipperke","4","4","2","5","5","3","2","4","4","3","2","3","1","2","5","5","5","5","3","3","2","4","3","2","3","2","4","2","3","4","3","Companion Dogs","15","13","18","11","10 inches to 1 foot"," 3 inches tall at the shoulder",""
"Lowchen","http://dogtime.com/dog-breeds/lowchen","3","3","1","3","4","3","2","5","3","3","4","3","2","3","3","3","3","3","2","3","4","3","3","3","1","5","5","4","4","3","3","Companion Dogs","15","13","18","9","1 foot to 1 foot"," 2 inches tall at the shoulder",""
"Norwegian Lundehund","http://dogtime.com/dog-breeds/norwegian-lundehund","2","3","4","3","4","4","1","5","5","3","2","3","1","1","5","4","4","4","4","5","1","3","3","3","2","1","4","2","3","4","3","Working Dogs","12","10","16","13","1 foot to 1 foot"," 3 inches tall at the shoulder",""
"Cesky Terrier","http://dogtime.com/dog-breeds/cesky-terrier","5","4","2","4","5","3","2","3","3","3","2","3","3","3","3","3","3","3","3","3","3","3","3","3","3","3","5","3","4","4","4","Terrier Dogs","15","10","30","13","10 inches to 1 foot"," 1 inch tall at the shoulder",""
"Cane Corso","http://dogtime.com/dog-breeds/cane-corso","3","4","5","3","4","3","4","3","4","3","5","2","3","3","2","4","4","4","5","3","1","3","2","3","3","1","3","1","2","2","1","Working Dogs","12","10","120","90","1 foot"," 11 inches to 2 feet"," 3 inches tall at the shoulder"
"Cocker Spaniel","http://dogtime.com/dog-breeds/cocker-spaniel","2","2","1","4","4","1","2","3","4","3","3","2","2","4","4","4","4","4","3","4","3","4","4","3","3","4","4","3","4","3","4","Sporting Dogs","15","12","28","24","1 foot"," 2 inches to 1 foot"," 3 inches tall at the shoulder"
"Scottish Deerhound","http://dogtime.com/dog-breeds/scottish-deerhound","4","3","4","2","3","2","5","4","3","3","5","3","2","3","4","3","4","4","3","4","4","3","4","4","3","4","5","4","4","4","3","Hound Dogs","11","8","110","75","2 feet"," 4 inches to 2 feet"," 8 inches tall at the shoulder"
"Barbet","http://dogtime.com/dog-breeds/barbet","4","3","1","3","4","3","4","3","4","3","3","2","3","4","4","4","3","4","3","3","3","3","3","3","2","3","4","3","4","4","3","Sporting Dogs","15","13","62","37","1 foot"," 8 inches to 2 feet"," 1 inch tall at the shoulder"
"American Pit Bull Terrier","http://dogtime.com/dog-breeds/american-pit-bull-terrier","4","4","5","3","5","4","4","4","4","3","3","1","4","4","5","3","4","4","5","2","2","4","3","3","1","3","5","4","4","4","1","Terrier Dogs","16","12","85","30","1 foot"," 5 inches to 1 foot"," 7 inches tall at the shoulder"
"Skye Terrier","http://dogtime.com/dog-breeds/skye-terrier","3","3","2","3","3","5","3","4","4","3","2","2","2","2","4","3","3","4","4","4","3","3","4","4","3","4","4","2","3","2","2","Terrier Dogs","14","12","40","25","9 inches to 10 inches tall at the shoulder","",""
"Havanese","http://dogtime.com/dog-breeds/havanese","2","3","2","4","5","3","1","2","4","3","4","3","2","5","5","3","3","3","2","2","5","4","4","4","1","5","5","5","5","4","5","Companion Dogs","15","12","13","7","8 inches to 11 inches tall at the shoulder","",""
"Labradoodle","http://dogtime.com/dog-breeds/labradoodle","4","4","4","3","3","4","4","3","4","3","2","1","2","4","4","5","5","5","4","5","3","3","4","4","4","3","5","5","5","3","5","Hybrid Dogs","14","12","65","50","1 foot"," 9 inches to 2 feet tall at the shoulder",""
"Lakeland Terrier","http://dogtime.com/dog-breeds/lakeland-terrier","1","3","2","3","3","4","2","3","4","3","2","1","2","3","4","4","4","4","4","4","3","3","4","4","3","4","4","3","3","4","2","Terrier Dogs","15","12","17","15","1 foot"," 1 inch to 1 foot"," 2 inches tall at the shoulder"
"Miniature Schnauzer","http://dogtime.com/dog-breeds/miniature-schnauzer","5","3","2","4","4","3","2","3","4","3","3","1","1","4","3","4","4","4","3","4","3","5","4","4","5","3","4","2","3","3","3","Terrier Dogs","14","12","20","11","1 foot to 1 foot"," 2 inches tall at the shoulder",""
"English Cocker Spaniel","http://dogtime.com/dog-breeds/english-cocker-spaniel","2","3","2","4","3","3","3","3","4","3","3","2","3","5","4","4","4","4","3","4","4","3","4","4","3","3","5","4","4","4","4","Sporting Dogs","14","12","34","26","1 foot"," 3 inches to 1 foot"," 5 inches tall at the shoulder"
"English Setter","http://dogtime.com/dog-breeds/english-setter","2","3","2","3","3","3","4","4","3","3","3","3","3","3","3","4","4","4","3","4","4","3","3","3","3","1","5","5","5","5","4","Sporting Dogs","15","11","80","45","1 foot"," 11 inches to 2 feet"," 3 inches tall at the shoulder"
"Australian Cattle Dog","http://dogtime.com/dog-breeds/australian-cattle-dog","3","4","4","4","5","3","3","4","5","3","4","1","1","5","5","5","5","5","5","4","3","4","3","4","3","2","5","3","3","2","3","Herding Dogs","15","12","50","30","1 foot"," 5 inches to 1 foot"," 8 inches tall at the shoulder"
"Nova Scotia Duck Tolling Retriever","http://dogtime.com/dog-breeds/nova-scotia-duck-tolling-retriever","2","3","3","4","3","2","3","3","5","4","4","2","3","4","5","4","5","4","3","4","2","3","3","4","3","2","5","3","4","4","4","Sporting Dogs","14","10","50","35","1 foot"," 5 inches to 1 foot"," 9 inches tall at the shoulder"
"Boykin Spaniel","http://dogtime.com/dog-breeds/boykin-spaniel","4","3","1","4","4","3","3","4","4","3","2","2","3","4","4","5","5","5","5","3","3","3","3","3","3","1","5","3","4","5","4","Sporting Dogs","12","10","40","25","1 foot"," 2 inches to 1 foot"," 6 inches tall at the shoulder"
"Brittany","http://dogtime.com/dog-breeds/brittany","3","3","3","3","5","3","3","4","3","3","2","3","3","3","4","5","5","4","3","4","5","3","3","3","3","2","4","4","4","5","4","Sporting Dogs","13","10","40","30","1 foot"," 5 inches to 1 foot"," 8 inches tall at the shoulder"
"Pharaoh Hound","http://dogtime.com/dog-breeds/pharaoh-hound","4","4","4","3","4","4","3","4","4","4","5","3","2","3","4","3","4","4","3","1","4","5","4","5","5","3","5","2","4","5","3","Hound Dogs","14","11","55","45","1 foot"," 9 inches to 2 feet"," 1 inch tall at the shoulder"
"American English Coonhound","http://dogtime.com/dog-breeds/american-english-coonhound","3","3","5","3","3","3","1","5","4","3","4","3","1","3","3","4","5","4","4","3","2","3","2","3","2","1","4","3","4","4","4","Hound Dogs","12","10","","","1 foot"," 11 inches to 2 feet"," 2 inches tall at the shoulder"
"Swedish Vallhund","http://dogtime.com/dog-breeds/swedish-vallhund","1","4","5","4","5","4","3","3","5","3","4","2","1","5","5","5","5","5","3","4","1","3","3","3","3","3","5","5","4","4","3","Herding Dogs","15","12","35","22","11 inches to 1 foot"," 1 inch tall at the shoulder",""
"Otterhound","http://dogtime.com/dog-breeds/otterhound","3","3","3","3","3","3","1","4","4","4","4","3","3","3","3","3","4","4","4","4","4","2","3","3","3","2","5","4","4","3","3","Hound Dogs","12","10","","","2 feet to 2 feet"," 3 inches tall at the shoulder",""
"Dandie Dinmont Terrier","http://dogtime.com/dog-breeds/dandie-dinmont-terrier","3","3","2","3","3","3","2","3","3","3","2","3","2","3","4","3","3","3","3","3","4","3","3","3","3","4","5","3","4","3","3","Terrier Dogs","15","12","24","18","8 inches to 11 inches tall at the shoulder","",""
"Standard Schnauzer","http://dogtime.com/dog-breeds/standard-schnauzer","4","4","2","3","4","5","3","3","4","3","2","1","1","4","3","5","4","4","5","4","3","3","3","4","3","3","4","2","3","3","2","Working Dogs","16","13","50","30","1 foot"," 5 inches to 1 foot"," 8 inches tall at the shoulder"
"Entlebucher Mountain Dog","http://dogtime.com/dog-breeds/entlebucher-mountain-dog","2","4","5","3","4","3","4","2","4","3","4","3","2","3","3","3","3","3","3","4","2","3","3","3","3","2","4","2","4","5","3","Herding Dogs","13","10","65","45","1 foot"," 4 inches to 1 foot"," 8 inches tall at the shoulder"
"Lancashire Heeler","http://dogtime.com/dog-breeds/lancashire-heeler","3","3","4","4","5","3","1","4","4","3","2","2","2","3","4","4","3","4","4","3","3","3","3","3","3","2","4","2","3","3","3","Herding Dogs","14","9","15","13","10 inches to 1 foot tall at the shoulder","",""
"Shih Tzu","http://dogtime.com/dog-breeds/shih-tzu","5","3","1","4","5","2","1","2","4","3","4","4","3","3","4","2","2","3","3","3","5","3","3","1","3","5","5","5","4","3","4","Companion Dogs","16","10","16","9","9 inches to 10 inches tall at the shoulder","",""
"Korean Jindo Dog","http://dogtime.com/dog-breeds/jindo","3","1","4","","1","","","","5","2","5","","","","","4","5","2","","5","2","3","3","2","2","4","4","4","4","4","3","Sporting Dogs","15","12","60","35","19 to 21 inches for males and 18 to 20 inches for females","",""
"Bolognese","http://dogtime.com/dog-breeds/bolognese","5","4","2","4","5","5","1","1","3","3","5","3","3","3","3","3","3","3","4","2","4","2","3","3","3","5","5","3","4","4","3","Companion Dogs","14","12","14","8","9 inches to 1 foot tall at the shoulder","",""
"Greyhound","http://dogtime.com/dog-breeds/greyhound","3","4","5","2","5","3","4","4","3","4","5","4","4","3","4","3","3","3","2","1","4","3","3","5","2","4","5","5","4","3","3","Hound Dogs","15","12","85","50","2 feet"," 1 inch to 2 feet"," 6 inches tall at the shoulder"
"Norwich Terrier","http://dogtime.com/dog-breeds/norwich-terrier","4","4","3","5","4","4","1","4","4","3","1","2","2","3","4","4","4","4","4","4","3","4","4","4","3","4","4","4","4","4","5","Terrier Dogs","14","10","12","Up","Up to 10 inches tall at the shoulder","",""
"Staffordshire Bull Terrier","http://dogtime.com/dog-breeds/staffordshire-bull-terrier","3","4","5","4","3","3","3","5","3","3","","1","4","2","5","3","4","4","3","3","1","4","2","1","2","3","5","5","4","5","1","Terrier Dogs","14","12","38","24","1 foot"," 2 inches to 1 foot"," 4 inches tall at the shoulder"
"Mutt","http://dogtime.com/dog-breeds/mutt","3","3","3","3","3","5","1","3","3","3","3","3","3","3","3","3","3","3","3","3","3","3","3","3","3","3","3","3","3","3","3","Mixed Breed Dogs","15","8","","","","",""
"Shiba Inu","http://dogtime.com/dog-breeds/shiba-inu","3","3","3","1","5","4","2","4","2","3","3","5","4","2","2","3","2","2","1","3","3","3","4","3","5","5","2","1","2","2","2","Companion Dogs","16","12","23","17","1 foot"," 1 inch to 1 foot"," 5 inches tall at the shoulder"
"Airedale Terrier","http://dogtime.com/dog-breeds/airedale-terrier","5","4","2","4","4","3","4","4","5","4","5","1","2","4","5","5","4","5","5","4","2","2","3","4","3","1","4","3","3","4","2","Terrier Dogs","13","10","65","40","1 foot"," 9 inches to 1 foot"," 11 inches tall at the shoulder"
"Pekingese","http://dogtime.com/dog-breeds/pekingese","1","2","1","3","5","2","1","1","2","3","5","4","4","3","2","2","2","2","1","4","4","2","3","1","3","5","3","2","2","2","2","Companion Dogs","15","12","14","7","6 inches to 9 inches tall at the shoulder","",""
"Weimaraner","http://dogtime.com/dog-breeds/weimaraner","4","4","5","2","4","2","4","4","4","3","2","2","2","4","5","5","5","5","4","3","2","3","3","4","3","2","5","2","4","4","3","Sporting Dogs","13","11","85","55","1 foot"," 11 inches to 2 feet"," 3 inches tall at the shoulder"
"Shetland Sheepdog","http://dogtime.com/dog-breeds/shetland-sheepdog","1","2","2","3","4","3","1","2","5","3","3","1","1","5","4","4","4","4","3","4","3","5","3","3","2","2","4","2","3","3","3","Herding Dogs","15","12","20","Starts","1 foot"," 1 inch to 1 foot"," 4 inches tall at the shoulder"
"Samoyed","http://dogtime.com/dog-breeds/samoyed","1","3","1","4","4","2","4","4","3","3","3","3","2","3","4","3","4","4","3","5","5","4","4","2","2","3","5","5","5","4","4","Working Dogs","14","12","60","50","1 foot"," 7 inches to 2 feet tall at the shoulder",""
"Greater Swiss Mountain Dog","http://dogtime.com/dog-breeds/greater-swiss-mountain-dog","3","4","5","4","2","3","5","3","3","3","4","3","3","4","3","3","3","3","4","4","4","3","3","3","3","3","4","3","4","4","4","Working Dogs","9","7","140","85","1 foot"," 11 inches to 2 feet"," 4 inches tall at the shoulder"
"Poodle","http://dogtime.com/dog-breeds/poodle","5","4","1","4","5","2","4","4","5","4","2","4","2","5","5","4","4","4","3","3","5","4","4","4","1","5","5","4","4","4","4","Companion Dogs","15","12","70","45","From 1 foot"," 10 inches tall at the shoulder",""
"Belgian Malinois","http://dogtime.com/dog-breeds/belgian-malinois","2","3","3","2","3","3","4","3","5","3","4","1","1","5","5","5","5","5","4","4","2","5","3","3","3","1","4","2","3","2","2","Herding Dogs","14","12","80","40","1 foot"," 10 inches to 2 feet"," 2 inches tall at the shoulder"
"Neapolitan Mastiff","http://dogtime.com/dog-breeds/neapolitan-mastiff","3","3","2","4","1","1","5","1","3","3","2","2","4","3","3","2","2","3","3","3","2","3","3","1","3","3","4","1","2","3","1","Working Dogs","10","8","200","120","2 feet to 2 feet"," 7 inches tall at the shoulder",""
"Soft Coated Wheaten Terrier","http://dogtime.com/dog-breeds/soft-coated-wheaten-terrier","4","3","2","3","3","2","3","4","4","3","3","2","2","4","4","4","4","4","3","4","4","3","4","4","3","4","5","4","4","4","4","Terrier Dogs","15","12","40","30","1 foot"," 5 inches to 1 foot"," 7 inches tall at the shoulder"
"Puli","http://dogtime.com/dog-breeds/puli","5","3","1","3","3","3","3","2","4","3","3","2","2","2","4","4","4","4","4","4","3","4","4","4","3","3","5","3","3","3","2","Herding Dogs","15","10","35","25","1 foot"," 4 inches to 1 foot"," 5 inches tall at the shoulder"
"Great Pyrenees","http://dogtime.com/dog-breeds/great-pyrenees","1","3","3","4","2","2","5","4","3","3","4","3","2","2","3","2","2","3","3","5","2","3","3","2","3","3","5","3","4","4","4","Working Dogs","12","10","160","85","2 feet"," 1 inch to 2 feet"," 8 inches tall at the shoulder"
"Treeing Tennessee Brindle","http://dogtime.com/dog-breeds/treeing-tennessee-brindle","4","4","5","3","3","3","3","1","4","3","4","3","1","3","3","4","5","4","4","3","2","3","2","3","2","1","4","3","4","4","4","Hound Dogs","12","10","45","30","1 foot"," 4 inches to 2 feet tall at the shoulder",""
"Boston Terrier","http://dogtime.com/dog-breeds/boston-terrier","1","3","5","3","3","5","2","5","4","3","2","2","3","4","5","4","4","5","5","4","3","5","4","2","5","5","4","4","4","5","3","Companion Dogs","15","13","25","10","1 foot to 1 foot"," 3 inches tall at the shoulder",""
"Dachshund","http://dogtime.com/dog-breeds/dachshund","3","4","3","5","5","2","3","3","3","3","3","3","1","3","3","3","3","3","2","2","4","4","4","3","3","5","4","2","3","2","3","Hound Dogs","15","12","32","16","8 inches to 9 inches tall at the shoulder","",""
"Pyrenean Shepherd","http://dogtime.com/dog-breeds/pyrenean-shepherd","3","3","3","3","4","3","2","2","5","3","4","2","2","4","5","5","5","5","5","3","1","3","2","3","1","1","5","2","4","5","2","Herding Dogs","17","15","30","25","1 foot"," 3 inches to 1 foot"," 9 inches tall at the shoulder"
"Pug","http://dogtime.com/dog-breeds/pug","4","3","4","5","4","1","2","2","3","3","3","2","2","3","5","3","3","4","4","2","5","3","3","1","1","5","5","4","4","4","4","Companion Dogs","15","12","18","14","10 inches to 1 foot"," 2 inches tall at the shoulder",""
"Belgian Tervuren","http://dogtime.com/dog-breeds/belgian-tervuren","1","3","2","2","3","3","4","4","5","3","2","2","1","5","5","5","4","4","3","4","3","5","4","3","3","3","4","2","3","3","3","Herding Dogs","12","10","70","40","1 foot"," 9 inches to 2 feet"," 2 inches tall at the shoulder"
"Norwegian Elkhound","http://dogtime.com/dog-breeds/norwegian-elkhound","2","3","3","3","4","3","1","4","3","4","4","3","3","4","4","4","4","4","3","5","4","3","4","3","3","4","5","4","4","4","3","Hound Dogs","15","12","","","1 foot"," 7 inches to 1 foot"," 8 inches tall at the shoulder"
"Finnish Spitz","http://dogtime.com/dog-breeds/finnish-spitz","3","3","1","3","5","4","3","4","4","3","1","3","1","2","5","4","5","4","3","5","2","4","3","3","2","1","5","2","4","4","3","Sporting Dogs","15","12","35","20","1 foot"," 3 inches to 1 foot"," 8 inches tall at the shoulder"
"Kerry Blue Terrier","http://dogtime.com/dog-breeds/kerry-blue-terrier","4","3","2","3","3","3","3","3","4","3","3","2","3","4","4","4","4","4","4","4","3","3","3","4","3","3","4","3","3","4","2","Terrier Dogs","15","12","40","33","1 foot"," 5 inches to 1 foot"," 7 inches tall at the shoulder"
"Manchester Terrier","http://dogtime.com/dog-breeds/manchester-terrier","5","4","5","3","4","4","2","4","4","3","2","2","2","4","4","4","4","4","4","1","3","3","3","3","3","5","4","3","3","3","3","Terrier Dogs","16","14","22","12","1 foot"," 3 inches to 1 foot"," 4 inches tall at the shoulder"
"Welsh Springer Spaniel","http://dogtime.com/dog-breeds/welsh-springer-spaniel","2","3","3","3","3","2","3","4","4","3","3","3","2","4","4","4","4","4","3","4","4","3","3","4","3","2","5","2","4","4","4","Sporting Dogs","15","10","55","35","1 foot"," 5 inches to 1 foot"," 7 inches tall at the shoulder"
"Doberman Pinscher","http://dogtime.com/dog-breeds/doberman-pinscher","4","4","5","3","4","1","4","2","5","3","1","2","1","5","5","3","3","4","3","1","3","5","3","4","2","3","5","3","4","3","3","Working Dogs","13","10","80","60","2 feet to 2 feet"," 4 inches tall at the shoulder",""
"Dalmatian","http://dogtime.com/dog-breeds/dalmatian","3","3","5","4","3","1","3","4","4","3","2","2","2","3","4","5","5","5","4","3","3","4","3","4","3","3","4","3","3","2","3","Companion Dogs","16","13","55","48","1 foot"," 7 inches to 2 feet tall at the shoulder",""
"Plott","http://dogtime.com/dog-breeds/plott","4","4","5","3","3","4","4","5","3","3","5","2","1","3","3","4","4","4","4","2","3","2","3","4","4","1","4","3","3","4","2","Hound Dogs","14","12","75","40","1 foot"," 8 inches to 2 feet"," 3 inches tall at the shoulder"
"Bouvier des Flandres","http://dogtime.com/dog-breeds/bouvier-des-flandres","3","3","1","3","3","3","5","2","4","3","2","2","2","3","4","4","4","4","5","4","2","4","3","3","3","3","4","2","3","2","2","Herding Dogs","12","10","100","70","1 foot"," 11 inches to 2 feet"," 4 inches tall at the shoulder"
"English Springer Spaniel","http://dogtime.com/dog-breeds/english-springer-spaniel","3","3","3","3","3","3","3","4","4","3","3","1","2","4","4","4","5","4","3","4","4","3","3","4","2","3","5","4","4","4","4","Sporting Dogs","15","9","55","45","1 foot"," 6 inches to 1 foot"," 10 inches tall at the shoulder"
"Redbone Coonhound","http://dogtime.com/dog-breeds/redbone-coonhound","3","4","5","3","3","3","4","5","4","3","4","3","1","3","3","4","5","4","4","3","2","3","2","3","2","1","4","3","4","4","4","Hound Dogs","12","10","70","45","1 foot"," 9 inches to 2 feet"," 3 inches tall at the shoulder"
"Peekapoo","http://dogtime.com/dog-breeds/peekapoo","2","3","2","4","5","3","2","1","3","3","4","4","4","3","3","3","2","3","2","2","5","2","4","3","4","5","4","3","4","4","3","Hybrid Dogs","15","10","20","4","Up to 11 inches tall at the shoulder","",""
"Borzoi","http://dogtime.com/dog-breeds/borzoi","2","3","3","1","5","3","5","4","3","4","5","4","3","2","3","3","3","3","2","4","4","3","4","3","3","4","4","3","3","2","3","Hound Dogs","12","10","105","55","2 feet"," 2 inches to 2 feet"," 8 inches tall at the shoulder"
"Cockapoo","http://dogtime.com/dog-breeds/cockapoo","4","3","2","4","4","2","1","3","3","3","3","2","2","4","5","3","3","4","3","4","5","4","4","4","3","3","5","4","4","3","5","Hybrid Dogs","15","12","19","Starts","From 1 foot"," 3 inches tall at the shoulder",""
"Kooikerhondje","http://dogtime.com/dog-breeds/kooikerhondje","3","3","3","3","5","3","2","3","4","3","3","3","4","3","4","4","5","5","5","4","1","2","2","3","2","1","3","2","3","3","3","Sporting Dogs","14","12","25","20","1 foot"," 2 inches to 1 foot"," 4 inches tall at the shoulder"
"Black and Tan Coonhound","http://dogtime.com/dog-breeds/black-and-tan-coonhound","2","3","3","4","1","5","5","5","5","3","4","1","1","2","5","4","5","5","4","4","2","3","3","4","4","2","4","4","4","4","5","Hound Dogs","12","10","100","75","1 foot"," 11 inches to 2 feet"," 3 inches tall at the shoulder"
"Chesapeake Bay Retriever","http://dogtime.com/dog-breeds/chesapeake-bay-retriever","3","3","3","3","3","3","4","3","4","3","2","2","3","4","4","4","4","4","4","4","3","3","3","4","3","2","4","3","3","3","3","Sporting Dogs","12","10","80","55","1 foot"," 9 inches to 2 feet"," 2 inches tall at the shoulder"
"Affenpinscher","http://dogtime.com/dog-breeds/affenpinscher","5","4","3","3","5","4","1","2","4","3","2","3","3","3","4","5","4","4","3","3","4","3","3","3","1","5","5","3","3","1","3","Companion Dogs","14","12","9","7","9 inches to 11 inches tall at the shoulder","",""
"Welsh Terrier","http://dogtime.com/dog-breeds/welsh-terrier","5","3","2","3","3","4","2","4","4","3","2","2","2","3","4","4","4","4","4","4","3","3","3","4","3","3","4","3","4","4","3","Terrier Dogs","14","10","20","Up","1 foot"," 2 inches to 1 foot"," 3 inches tall at the shoulder"
"Saint Bernard","http://dogtime.com/dog-breeds/saint-bernard","3","3","3","4","1","1","5","2","3","3","3","2","2","3","3","2","3","3","4","5","3","3","3","1","3","4","4","3","3","3","2","Working Dogs","10","8","180","120","2 feet"," 2 inches to 2 feet"," 6 inches tall at the shoulder"
"Gordon Setter","http://dogtime.com/dog-breeds/gordon-setter","2","3","2","3","3","2","4","4","3","3","3","3","3","4","4","5","5","4","3","4","4","3","3","3","3","1","5","2","3","4","2","Sporting Dogs","12","10","80","45","1 foot"," 11 inches to 2 feet"," 3 inches tall at the shoulder"
"Norfolk Terrier","http://dogtime.com/dog-breeds/norfolk-terrier","2","3","5","5","2","4","1","4","4","3","1","2","2","5","4","4","4","4","4","4","5","4","4","4","5","4","4","4","4","4","5","Terrier Dogs","15","12","12","11","9 inches to 10 inches tall at the shoulder","",""
"Rat Terrier","http://dogtime.com/dog-breeds/rat-terrier","4","3","5","3","5","2","1","4","4","2","","2","1","3","5","3","4","4","3","1","3","4","3","4","3","5","4","2","3","2","3","Terrier Dogs","18","13","","","1 foot"," 1 inch to 1 foot"," 4 inches tall at the shoulder"
"Border Collie","http://dogtime.com/dog-breeds/border-collie","2","3","3","3","5","2","3","1","5","3","1","2","1","5","5","5","5","5","3","4","2","5","3","4","1","1","4","2","3","2","3","Herding Dogs","15","12","45","30","1 foot"," 6 inches to 1 foot"," 10 inches tall at the shoulder"
"German Pinscher","http://dogtime.com/dog-breeds/german-pinscher","3","3","3","3","3","4","3","4","4","3","2","2","3","4","4","4","4","4","3","3","3","3","3","4","3","3","4","3","3","3","3","Working Dogs","14","12","45","25","1 foot"," 5 inches to 1 foot"," 8 inches tall at the shoulder"
"Curly-Coated Retriever","http://dogtime.com/dog-breeds/curly-coated-retriever","4","4","4","3","3","3","5","3","4","3","2","2","3","4","4","4","4","4","5","4","4","3","4","4","3","3","5","2","4","5","4","Sporting Dogs","12","9","100","65","1 foot"," 11 inches to 2 feet"," 3 inches tall at the shoulder"
"American Foxhound","http://dogtime.com/dog-breeds/american-foxhound","3","4","4","2","4","4","4","5","3","3","4","3","1","2","2","5","4","4","4","4","2","2","3","4","3","1","2","3","3","4","4","Hound Dogs","13","12","60","40","1 foot"," 9 inches to 2 feet"," 1 inch tall at the shoulder"
"Flat-Coated Retriever","http://dogtime.com/dog-breeds/flat-coated-retriever","3","3","3","3","3","3","4","3","4","3","2","1","2","5","5","5","5","5","4","4","4","3","4","4","3","3","5","5","5","5","4","Sporting Dogs","12","10","70","55","1 foot"," 10 inches to 2 feet tall at the shoulder",""
"Black Russian Terrier","http://dogtime.com/dog-breeds/black-russian-terrier","3","3","2","3","3","3","5","3","4","3","1","1","2","4","4","3","4","4","5","4","2","4","3","3","3","3","4","1","2","2","1","Working Dogs","11","10","140","80","2 feet"," 2 inches to 2 feet"," 6 inches tall at the shoulder"
"Labrador Retriever","http://dogtime.com/dog-breeds/labrador-retriever","2","4","4","5","3","3","4","3","4","3","2","1","2","5","5","5","5","5","5","4","5","2","3","3","3","3","5","5","5","5","5","Sporting Dogs","12","10","80","55","1 foot"," 9 inches to 2 feet tall at the shoulder",""
"Pocket Beagle","http://dogtime.com/dog-breeds/pocket-beagle","4","4","5","5","5","1","1","5","3","2","2","1","1","2","4","4","4","4","4","2","2","2","3","4","2","3","5","4","4","3","4","Hound Dogs","10","Starts","15","7","7 inches to 1 foot tall at the shoulder","",""
"Appenzeller Sennenhunde","http://dogtime.com/dog-breeds/appenzeller-sennenhunde","3","4","5","3","3","4","3","3","4","3","3","3","3","4","3","4","4","4","4","5","3","3","3","3","3","1","5","2","4","5","3","Herding Dogs","12","9","55","48","1 foot"," 7 inches to 1 foot"," 10 inches tall at the shoulder"
"Tibetan Terrier","http://dogtime.com/dog-breeds/tibetan-terrier","5","3","2","3","3","3","2","3","4","3","2","2","2","4","4","4","4","4","4","4","3","3","3","4","3","3","5","3","4","4","3","Companion Dogs","15","12","24","20","1 foot"," 2 inches to 1 foot"," 4 inches tall at the shoulder"
"Basset Hound","http://dogtime.com/dog-breeds/basset-hound","3","3","3","5","3","1","4","5","2","3","4","3","3","3","2","2","2","2","3","2","4","2","3","2","4","4","5","4","5","5","4","Hound Dogs","12","10","65","50","Up to 1 foot"," 2 inches tall at the shoulder",""
"Australian Terrier","http://dogtime.com/dog-breeds/australian-terrier","4","3","4","3","3","4","1","4","4","3","5","1","1","4","5","4","4","4","4","4","3","2","3","4","3","2","3","3","3","4","2","Terrier Dogs","15","Up","16","14","10 inches to 11 inches tall at the shoulder","",""
"Briard","http://dogtime.com/dog-breeds/briard","2","4","5","3","3","3","5","5","4","3","2","1","2","4","4","4","4","4","4","4","3","4","3","3","3","3","4","3","4","3","5","Herding Dogs","12","10","100","70","1 foot"," 10 inches to 2 feet"," 3 inches tall at the shoulder"
"Pointer","http://dogtime.com/dog-breeds/pointer","4","4","5","2","3","3","4","5","3","3","3","3","3","3","4","5","5","5","4","2","3","3","3","4","3","2","5","4","4","4","4","Sporting Dogs","15","12","75","45","1 foot"," 11 inches to 2 feet"," 4 inches tall at the shoulder"
"Irish Terrier","http://dogtime.com/dog-breeds/irish-terrier","4","3","2","3","3","4","2","3","4","3","2","1","2","3","5","4","4","4","3","4","3","3","3","4","3","3","5","3","4","4","2","Terrier Dogs","16","12","27","25","1 foot"," 6 inches to 1 foot"," 8 inches tall at the shoulder"
"Keeshond","http://dogtime.com/dog-breeds/keeshond","1","3","1","4","4","3","3","2","3","3","3","3","2","4","4","3","2","3","3","5","4","4","4","2","2","4","5","4","4","4","4","Companion Dogs","15","12","45","35","1 foot"," 4 inches to 1 foot"," 7 inches tall at the shoulder"
"Finnish Lapphund","http://dogtime.com/dog-breeds/finnish-lapphund","1","3","2","3","5","4","3","4","4","3","3","3","2","3","4","4","4","4","5","5","2","3","3","2","3","2","4","3","4","4","3","Herding Dogs","15","12","53","33","1 foot"," 5 inches to 1 foot"," 8 inches tall at the shoulder"
"Collie","http://dogtime.com/dog-breeds/collie","2","3","2","3","3","1","4","1","4","3","3","3","3","4","4","3","3","3","2","4","4","4","3","3","2","3","5","4","4","4","4","Herding Dogs","14","10","70","50","1 foot"," 10 inches to 2 feet"," 2 inches tall at the shoulder"
"Siberian Husky","http://dogtime.com/dog-breeds/siberian-husky","2","3","2","3","5","3","4","5","4","2","","2","1","2","5","4","5","4","3","5","3","3","3","3","2","2","5","5","4","3","4","Working Dogs","15","12","60","35","1 foot"," 8 inches to 1 foot"," 11 inches tall at the shoulder"
"Sussex Spaniel","http://dogtime.com/dog-breeds/sussex-spaniel","1","3","5","5","1","5","3","5","5","3","","3","1","5","5","3","5","5","5","5","5","5","5","5","5","5","5","5","5","5","5","Sporting Dogs","14","11","45","35","1 foot"," 1 inch to 1 foot"," 3 inches tall at the shoulder"
"Stabyhoun","http://dogtime.com/dog-breeds/stabyhoun","3","3","3","3","4","3","3","3","4","3","3","2","3","3","4","4","4","4","4","3","3","3","3","3","2","2","4","3","4","4","3","Sporting Dogs","14","13","50","45","1 foot"," 7 inches to 1 foot"," 8 inches tall at the shoulder"
"Saluki","http://dogtime.com/dog-breeds/saluki","4","4","4","1","5","4","4","5","3","4","5","4","4","2","4","4","4","4","2","2","2","4","3","4","2","2","5","1","3","3","2","Hound Dogs","14","12","70","35","1 foot"," 11 inches to 2 feet"," 4 inches tall at the shoulder"
"Bichon Frise","http://dogtime.com/dog-breeds/bichon-frise","5","3","1","4","5","3","1","2","4","3","4","3","2","4","5","3","3","3","2","3","5","3","4","4","1","5","5","5","5","4","4","Companion Dogs","15","12","12","7","9 inches to 11 inches tall at the shoulder","",""
"Tibetan Mastiff","http://dogtime.com/dog-breeds/tibetan-mastiff","4","4","4","5","2","4","5","4","5","2","","1","2","2","5","3","2","4","4","5","1","5","3","2","4","2","5","2","3","2","2","Working Dogs","14","10","160","75","2 feet to 2 feet"," 2 inches tall at the shoulder",""
"Bluetick Coonhound","http://dogtime.com/dog-breeds/bluetick-coonhound","3","4","5","3","3","3","5","5","4","3","4","3","1","3","3","4","5","4","4","3","2","3","2","3","2","1","4","3","4","4","4","Hound Dogs","12","10","100","45","1 foot"," 11 inches to 2 feet"," 6 inches tall at the shoulder"
"Kuvasz","http://dogtime.com/dog-breeds/kuvasz","2","4","4","4","2","4","5","3","5","3","1","1","1","4","4","4","4","4","4","5","3","5","4","3","4","2","5","3","4","3","3","Working Dogs","12","10","115","70","2 feet"," 2 inches to 2 feet"," 6 inches tall at the shoulder"
"Cairn Terrier","http://dogtime.com/dog-breeds/cairn-terrier","3","3","2","3","3","4","1","3","4","3","2","2","1","3","4","4","4","4","4","4","3","3","3","4","3","3","3","3","3","3","2","Terrier Dogs","15","12","14","13","9 inches to 10 inches tall at the shoulder","",""
"Vizsla","http://dogtime.com/dog-breeds/vizsla","4","4","5","2","4","3","4","4","4","3","2","3","3","3","4","4","5","4","4","2","4","3","3","4","3","1","5","5","5","4","4","Sporting Dogs","14","10","65","45","1 foot"," 9 inches to 2 feet tall at the shoulder",""
"Irish Wolfhound","http://dogtime.com/dog-breeds/irish-wolfhound","3","3","3","3","2","1","5","3","3","3","5","2","3","3","4","2","3","3","3","4","4","3","3","2","3","4","5","4","4","5","3","Hound Dogs","8","6","180","115","2 feet"," 8 inches to 2 feet"," 11 inches tall at the shoulder"
"Pomeranian","http://dogtime.com/dog-breeds/pomeranian","1","3","2","4","5","2","1","1","3","3","2","4","2","3","3","3","2","3","2","4","4","4","3","2","1","5","5","3","3","2","2","Companion Dogs","16","12","7","3","7 inches to 1 foot tall at the shoulder","",""
"Toy Fox Terrier","http://dogtime.com/dog-breeds/toy-fox-terrier","4","3","5","2","4","2","1","4","4","3","5","2","2","3","4","3","4","4","4","1","3","3","3","3","1","5","4","2","3","2","2","Companion Dogs","14","13","7","3","8 inches to 11 inches tall at the shoulder","",""
"Bulldog","http://dogtime.com/dog-breeds/bulldog","4","3","2","5","1","1","3","1","2","2","2","2","4","3","3","2","2","3","5","1","4","2","3","1","3","4","5","5","4","4","2","Companion Dogs","12","8","50","40","1 foot to 1 foot"," 3 inches tall at the shoulder",""
"Berger Picard","http://dogtime.com/dog-breeds/berger-picard","4","4","5","3","4","4","4","2","4","3","3","2","2","3","4","5","4","4","4","4","3","3","3","3","3","1","4","2","4","5","3","Herding Dogs","14","13","70","50","1 foot"," 9 inches to 2 feet"," 1 inch tall at the shoulder"
"Italian Greyhound","http://dogtime.com/dog-breeds/italian-greyhound","4","3","5","1","5","2","1","4","3","4","5","4","3","3","4","3","3","3","1","1","4","4","3","3","1","5","5","3","3","1","3","Companion Dogs","15","14","15","6","1 foot"," 1 inch to 1 foot"," 3 inches tall at the shoulder"
"Newfoundland","http://dogtime.com/dog-breeds/newfoundland","1","2","1","4","1","1","5","1","3","3","3","2","4","3","3","3","3","3","3","5","4","3","3","1","3","4","4","4","4","4","3","Working Dogs","10","8","150","100","2 feet"," 1 inch to 2 feet"," 5 inches tall at the shoulder"
"Wirehaired Pointing Griffon","http://dogtime.com/dog-breeds/wirehaired-pointing-griffon","3","3","3","3","3","4","4","4","4","3","2","3","3","4","4","4","4","4","4","4","4","3","3","3","3","2","4","3","3","3","3","Sporting Dogs","14","10","60","50","1 foot"," 8 inches to 2 feet tall at the shoulder",""
"Boxer","http://dogtime.com/dog-breeds/boxer","4","4","5","4","3","1","4","3","4","3","2","1","2","4","5","5","5","5","5","2","3","4","3","1","2","3","5","4","4","4","3","Working Dogs","12","10","70","60","1 foot"," 9 inches to 2 feet"," 1 inch tall at the shoulder"
"Xoloitzcuintli","http://dogtime.com/dog-breeds/xoloitzuintli","5","4","5","3","5","5","3","5","5","4","5","3","5","3","3","3","3","3","3","3","1","5","3","3","1","5","5","1","3","3","2","Companion Dogs","20","14","50","10","1 foot"," 6 inches to 1 foot"," 11 inches tall at the shoulder"
"English Foxhound","http://dogtime.com/dog-breeds/english-foxhound","4","4","5","2","3","4","4","5","3","3","5","3","1","2","2","4","4","4","4","3","3","2","3","3","4","2","4","4","4","4","4","Hound Dogs","13","10","75","55","2 feet"," 1 inch to 2 feet"," 3 inches tall at the shoulder"
"Bracco Italiano","http://dogtime.com/dog-breeds/bracco-italiano","3","4","5","3","5","3","4","3","4","3","4","3","3","3","3","3","4","4","4","3","2","3","3","3","3","1","3","3","3","3","3","Sporting Dogs","13","12","88","33","1 foot"," 9 inches to 2 feet"," 2 inches tall at the shoulder"
"Petit Basset Griffon Vendeen","http://dogtime.com/dog-breeds/petit-basset-griffon-vendeen","3","3","3","3","4","2","3","4","4","4","4","3","2","5","4","4","4","4","3","4","4","4","4","3","3","4","5","5","5","5","5","Hound Dogs","14","Starts","40","30","1 foot"," 1 inch to 1 foot"," 3 inches tall at the shoulder"
"Golden Retriever","http://dogtime.com/dog-breeds/golden-retriever","2","3","4","4","3","2","4","2","4","3","3","1","2","5","5","5","5","5","4","4","5","4","4","4","3","3","5","5","5","5","5","Sporting Dogs","12","10","75","55","1 foot"," 9 inches to 2 feet tall at the shoulder",""
"Catahoula Leopard Dog","http://dogtime.com/dog-breeds/catahoula-leopard-dog","3","4","5","3","3","3","4","3","3","3","1","3","3","2","2","4","5","4","3","3","1","2","2","3","2","1","5","1","3","3","1","Herding Dogs","14","10","90","50","1 foot"," 8 inches to 2 feet"," 2 inches tall at the shoulder"
"Chow Chow","http://dogtime.com/dog-breeds/chow-chow","1","3","1","4","4","2","4","2","2","3","2","5","5","2","1","2","2","2","2","5","2","2","3","2","5","3","2","1","1","1","1","Working Dogs","15","12","70","40","1 foot"," 5 inches to 1 foot"," 8 inches tall at the shoulder"
"Bloodhound","http://dogtime.com/dog-breeds/bloodhound","3","3","3","3","1","2","5","5","3","3","3","3","2","2","3","3","3","3","4","3","3","2","3","3","4","1","3","3","3","3","2","Hound Dogs","15","11","110","80","1 foot"," 11 inches to 2 feet"," 3 inches tall at the shoulder"
"Jack Russell Terrier","http://dogtime.com/dog-breeds/jack-russell-terrier","3","3","3","4","3","3","2","4","5","3","1","2","1","4","5","5","5","5","5","4","2","3","3","4","3","3","4","3","3","3","2","Terrier Dogs","15","10","17","13","10 inches to 1 foot"," 3 inches tall at the shoulder",""
"German Shepherd Dog","http://dogtime.com/dog-breeds/german-shepherd-dog","2","3","3","3","3","1","5","2","5","3","4","1","1","5","4","4","4","4","4","4","2","5","3","3","3","2","5","2","3","3","2","Herding Dogs","14","10","95","75","1 foot"," 10 inches to 2 feet"," 2 inches tall at the shoulder"
"Cavalier King Charles Spaniel","http://dogtime.com/dog-breeds/cavalier-king-charles-spaniel","3","3","3","4","5","2","2","2","4","3","3","3","3","4","5","3","4","4","2","3","5","4","3","2","1","5","5","5","5","5","5","Companion Dogs","15","9","18","13","1 foot to 1 foot"," 1 inch tall at the shoulder",""
"Maltese Shih Tzu","http://dogtime.com/dog-breeds/maltese-shih-tzu","1","2","2","3","5","2","1","1","3","3","5","4","4","3","3","3","2","3","2","2","5","3","4","3","3","5","3","3","3","3","3","Hybrid Dogs","14","12","12","6","From 10 inches tall at the shoulder","",""
"Goldador","http://dogtime.com/dog-breeds/goldador","1","3","4","3","3","4","4","4","5","3","1","1","1","5","5","5","5","5","4","5","4","2","4","4","4","2","5","5","5","4","5","Hybrid Dogs","15","10","80","60","1 foot"," 10 inches to 2 feet tall at the shoulder",""
"Pembroke Welsh Corgi","http://dogtime.com/dog-breeds/pembroke-welsh-corgi","2","3","3","4","5","2","2","2","4","3","3","2","1","5","4","4","4","4","4","4","4","4","4","4","3","4","5","3","4","4","3","Herding Dogs","14","12","30","Up","10 inches to 1 foot tall at the shoulder","",""
"Polish Lowland Sheepdog","http://dogtime.com/dog-breeds/polish-lowland-sheepdog","2","3","2","3","3","4","3","2","4","3","3","3","2","4","4","4","4","4","3","4","4","4","4","4","3","3","5","3","4","4","3","Herding Dogs","12","10","55","35","1 foot"," 5 inches to 1 foot"," 8 inches tall at the shoulder"
"Chinook","http://dogtime.com/dog-breeds/chinook","2","3","3","3","5","3","4","1","4","4","4","4","5","4","3","2","4","3","4","5","3","4","4","4","3","4","4","4","4","3","4","Working Dogs","15","12","70","55","1 foot"," 9 inches to 2 feet"," 3 inches tall at the shoulder"
"Irish Setter","http://dogtime.com/dog-breeds/irish-setter","2","3","2","3","3","2","4","4","3","3","3","3","3","3","5","5","5","5","3","4","4","3","3","3","3","1","5","5","5","4","5","Sporting Dogs","15","11","70","60","2 feet"," 1 inch to 2 feet"," 3 inches tall at the shoulder"
"Miniature Pinscher","http://dogtime.com/dog-breeds/miniature-pinscher","4","4","5","5","5","3","1","5","3","3","3","2","1","3","4","5","4","4","3","1","3","5","3","3","3","5","4","2","3","2","2","Companion Dogs","14","10","11","8","10 inches to 1 foot tall at the shoulder","",""
"American Eskimo Dog","http://dogtime.com/dog-breeds/american-eskimo-dog","1","3","2","4","5","3","1","3","4","3","3","3","1","5","4","4","4","4","3","5","4","4","4","3","2","4","5","3","4","4","4","Companion Dogs","15","12","30","Starts","1 foot"," 3 inches to 1 foot"," 7 inches tall at the shoulder"
"Giant Schnauzer","http://dogtime.com/dog-breeds/giant-schnauzer","4","3","2","3","3","2","4","2","4","2","2","2","2","2","4","4","5","4","4","4","1","4","3","2","3","1","4","2","2","1","2","Working Dogs","12","10","80","55","1 foot"," 11 inches to 2 feet"," 3 inches tall at the shoulder"
"Small Munsterlander Pointer","http://dogtime.com/dog-breeds/small-munsterlander-pointer","3","4","3","4","4","4","4","4","3","3","2","2","3","3","4","4","5","5","5","3","2","3","2","3","2","1","5","4","5","5","5","Sporting Dogs","14","12","60","40","1 foot"," 7 inches to 1 foot"," 10 inches tall at the shoulder"
"German Shorthaired Pointer","http://dogtime.com/dog-breeds/german-shorthaired-pointer","4","4","5","3","4","3","4","4","4","3","2","3","3","4","4","5","5","4","3","2","3","3","3","4","3","2","5","4","4","4","4","Sporting Dogs","15","12","70","45","1 foot"," 9 inches to 2 feet"," 1 inch tall at the shoulder"
"Puggle","http://dogtime.com/dog-breeds/puggle","5","4","5","5","3","4","2","4","3","3","2","3","2","3","3","3","3","3","2","3","5","2","3","3","2","4","3","4","4","5","5","Hybrid Dogs","15","10","30","18","1 foot"," 1 inch to 1 foot"," 3 inches tall at the shoulder"
"Akita","http://dogtime.com/dog-breeds/akita","1","3","2","4","5","3","5","4","2","3","1","4","4","2","2","3","2","3","3","5","1","4","3","2","4","3","3","1","2","1","1","Working Dogs","12","10","130","70","2 feet to 2 feet"," 4 inches tall at the shoulder",""
"Afghan Hound","http://dogtime.com/dog-breeds/afghan-hound","2","3","1","1","5","3","4","5","3","4","5","3","4","2","4","3","3","3","3","4","3","3","3","4","3","3","3","3","3","2","3","Hound Dogs","12","10","60","50","2 feet to 2 feet"," 4 inches tall at the shoulder",""
"Rhodesian Ridgeback","http://dogtime.com/dog-breeds/rhodesian-ridgeback","3","4","5","3","4","2","4","4","3","4","4","3","3","4","4","3","3","3","3","2","3","4","3","4","3","3","5","3","4","3","3","Hound Dogs","12","10","85","70","2 feet to 2 feet"," 3 inches tall at the shoulder",""
"Harrier","http://dogtime.com/dog-breeds/harrier","4","4","5","3","3","4","4","5","4","3","4","3","1","2","3","5","5","4","4","3","3","2","3","4","4","1","4","3","4","5","5","Hound Dogs","12","10","60","45","1 foot"," 7 inches to 1 foot"," 9 inches tall at the shoulder"
"West Highland White Terrier","http://dogtime.com/dog-breeds/west-highland-white-terrier","2","3","2","3","3","3","2","3","4","3","2","2","2","4","4","3","4","4","4","4","3","3","4","4","3","4","4","3","3","3","2","Terrier Dogs","16","12","22","13","10 inches to 11 inches tall at the shoulder","",""
"Icelandic Sheepdog","http://dogtime.com/dog-breeds/icelandic-sheepdog","2","3","3","3","4","3","2","4","3","3","4","3","1","3","4","3","4","4","5","5","1","3","3","3","2","1","4","2","3","4","2","Herding Dogs","15","14","30","20","1 foot"," 4 inches to 1 foot"," 6 inches tall at the shoulder"
"Tibetan Spaniel","http://dogtime.com/dog-breeds/tibetan-spaniel","2","2","2","3","3","3","1","3","4","3","3","3","3","4","4","3","4","4","3","4","4","3","3","3","1","4","5","3","4","4","4","Companion Dogs","15","12","15","9","From 10 inches tall at the shoulder","",""
"Field Spaniel","http://dogtime.com/dog-breeds/field-spaniel","3","3","2","3","2","4","3","5","4","3","2","2","2","4","4","5","5","4","3","4","4","3","4","4","3","3","5","3","4","4","4","Sporting Dogs","12","10","45","37","1 foot"," 4 inches to 1 foot"," 7 inches tall at the shoulder"
"Dogue de Bordeaux","http://dogtime.com/dog-breeds/dogue-de-bordeaux","4","2","1","4","1","1","1","1","3","3","4","4","4","2","2","2","2","2","2","3","1","3","2","2","3","2","3","1","2","3","1","Working Dogs","12","8","100","Starts","1 foot"," 11 inches to 2 feet"," 3 inches tall at the shoulder"
"Lhasa Apso","http://dogtime.com/dog-breeds/lhasa-apso","3","2","1","3","4","2","1","1","2","3","4","3","3","3","3","2","2","2","2","3","4","3","4","2","4","5","4","3","3","3","3","Companion Dogs","15","12","15","12","9 inches to 11 inches tall at the shoulder","",""
"Bullmastiff","http://dogtime.com/dog-breeds/bullmastiff","4","4","5","5","2","2","5","3","4","3","2","1","5","4","4","2","2","3","5","4","3","4","4","2","5","5","5","2","3","4","2","Working Dogs","10","8","130","100","2 feet to 2 feet"," 3 inches tall at the shoulder",""
"Papillon","http://dogtime.com/dog-breeds/papillon","4","3","3","3","5","3","1","1","4","3","4","3","2","5","5","3","3","3","2","2","5","3","3","4","1","5","5","5","4","3","4","Companion Dogs","16","12","9","4","8 inches to 11 inches tall at the shoulder","",""
"Belgian Sheepdog","http://dogtime.com/dog-breeds/belgian-sheepdog","1","3","2","2","3","3","4","4","5","3","2","2","1","5","5","5","4","4","3","4","3","5","4","3","3","3","4","2","3","3","3","Herding Dogs","12","10","75","60","1 foot"," 10 inches to 2 feet"," 2 inches tall at the shoulder"
"Portuguese Water Dog","http://dogtime.com/dog-breeds/portuguese-water-dog","5","3","2","3","3","3","4","3","4","3","3","2","3","4","5","4","4","4","4","4","4","3","4","4","3","4","5","2","4","3","4","Working Dogs","14","10","60","35","1 foot"," 5 inches to 1 foot"," 11 inches tall at the shoulder"
"Australian Shepherd","http://dogtime.com/dog-breeds/australian-shepherd","2","3","4","4","4","2","4","5","5","3","2","2","1","5","5","5","5","5","3","4","2","5","3","3","2","2","5","2","4","3","4","Herding Dogs","15","12","65","40","1 foot"," 6 inches to 1 foot"," 11 inches tall at the shoulder"
"Bedlington Terrier","http://dogtime.com/dog-breeds/bedlington-terrier","5","3","2","3","5","3","2","4","3","4","5","4","3","4","3","3","3","3","2","4","4","3","4","3","3","4","5","4","4","4","4","Terrier Dogs","16","14","23","17","1 foot"," 3 inches to 1 foot"," 4 inches tall at the shoulder"
"Japanese Chin","http://dogtime.com/dog-breeds/japanese-chin","2","2","3","3","3","1","1","1","2","3","5","4","3","3","3","2","2","2","1","3","4","3","3","2","1","5","3","4","3","3","3","Companion Dogs","14","10","9","4","8 inches to 11 inches tall at the shoulder","",""
"Beagle","http://dogtime.com/dog-breeds/beagle","4","4","4","5","3","3","2","5","3","3","4","1","1","2","4","4","4","4","4","2","3","2","3","4","2","2","5","4","5","5","4","Hound Dogs","15","10","30","18","1 foot"," 1 inch to 1 foot"," 3 inches tall at the shoulder"
"Irish Red and White Setter","http://dogtime.com/dog-breeds/irish-red-and-white-setter","3","4","3","3","4","4","4","4","3","3","2","3","3","3","5","5","4","5","4","3","3","3","3","3","2","1","4","4","4","4","4","Sporting Dogs","14","10","70","50","1 foot"," 10 inches to 2 feet"," 2 inches tall at the shoulder"
"Chinese Shar-Pei","http://dogtime.com/dog-breeds/chinese-shar-pei","5","3","1","4","5","1","3","2","2","3","2","5","5","3","1","2","2","2","1","2","2","2","3","1","4","4","2","2","2","2","1","Working Dogs","12","8","55","40","1 foot"," 6 inches to 1 foot"," 8 inches tall at the shoulder"
"American Water Spaniel","http://dogtime.com/dog-breeds/american-water-spaniel","4","3","3","3","2","4","3","4","3","3","2","4","3","4","4","4","5","4","3","2","4","3","3","4","3","3","4","3","4","5","2","Sporting Dogs","15","12","45","25","1 foot"," 3 inches to 1 foot"," 6 inches tall at the shoulder"
"Coton de Tulear","http://dogtime.com/dog-breeds/coton-de-tulear","5","4","2","3","5","5","1","3","4","3","1","3","4","4","5","3","2","3","3","3","5","5","4","3","1","5","5","5","5","4","5","Companion Dogs","14","Starts","13","8","8 inches to 1 foot tall at the shoulder","",""
"Bernese Mountain Dog","http://dogtime.com/dog-breeds/bernese-mountain-dog","1","2","2","4","1","1","5","2","3","3","4","3","3","4","3","2","2","3","4","5","4","3","3","1","3","2","5","4","5","5","5","Working Dogs","8","6","115","70","1 foot"," 11 inches to 2 feet"," 3 inches tall at the shoulder"
"German Wirehaired Pointer","http://dogtime.com/dog-breeds/german-wirehaired-pointer","3","3","3","3","3","3","4","4","4","3","2","3","3","4","4","5","5","4","3","4","3","3","3","4","3","2","5","3","4","4","4","Sporting Dogs","14","12","70","60","1 foot"," 10 inches to 2 feet"," 2 inches tall at the shoulder"
"Alaskan Malamute","http://dogtime.com/dog-breeds/alaskan-malamute","1","3","1","3","5","3","5","4","3","3","5","2","2","2","3","4","4","4","4","5","1","4","3","2","2","2","3","3","2","2","1","Working Dogs","15","12","100","75","1 foot"," 11 inches to 2 feet"," 1 inch tall at the shoulder"
"Glen of Imaal Terrier","http://dogtime.com/dog-breeds/glen-of-imaal-terrier","3","3","3","3","3","3","3","3","4","3","2","3","2","4","4","4","4","4","4","4","3","3","3","4","3","3","4","3","3","3","3","Terrier Dogs","15","12","35","Up","1 foot to 1 foot"," 2 inches tall at the shoulder",""
"Sealyham Terrier","http://dogtime.com/dog-breeds/sealyham-terrier","4","3","1","3","3","4","2","4","4","3","2","2","2","3","4","3","3","3","3","4","4","3","4","4","3","3","3","2","3","3","3","Terrier Dogs","14","12","24","22","Up to 10 inches tall at the shoulder","",""
"Scottish Terrier","http://dogtime.com/dog-breeds/scottish-terrier","3","3","2","3","3","4","2","5","4","3","2","2","2","3","4","4","4","4","4","4","3","3","4","4","3","4","4","3","4","4","3","Terrier Dogs","13","11","22","18","Up to 10 inches tall at the shoulder","",""
"French Bulldog","http://dogtime.com/dog-breeds/french-bulldog","4","3","5","4","3","1","2","1","3","3","3","2","4","4","4","2","2","3","3","2","5","3","3","1","1","5","5","4","4","4","3","Companion Dogs","14","11","28","16","11 inches to 1 foot tall at the shoulder","",""
"Irish Water Spaniel","http://dogtime.com/dog-breeds/irish-water-spaniel","4","4","4","3","3","4","4","3","4","4","3","3","3","5","4","5","5","4","3","4","3","3","3","4","3","3","5","4","4","4","4","Sporting Dogs","12","10","65","45","1 foot"," 9 inches to 2 feet tall at the shoulder",""
"Schnoodle","http://dogtime.com/dog-breeds/schnoodle","3","4","5","4","1","4","4","3","4","3","3","3","1","4","4","4","3","4","3","3","5","4","4","4","3","3","4","3","3","3","3","Hybrid Dogs","15","10","75","20","1 foot"," 3 inches to 2 feet"," 2 inches tall at the shoulder"
"Komondor","http://dogtime.com/dog-breeds/komondor","5","3","1","3","3","2","5","1","4","3","3","2","2","4","4","3","4","4","4","4","1","4","3","3","3","2","5","1","3","3","2","Working Dogs","12","10","100","80","2 feet"," 1 inch to 2 feet"," 3 inches tall at the shoulder"
"Whippet","http://dogtime.com/dog-breeds/whippet","4","4","5","1","5","3","3","4","4","4","5","3","3","4","4","4","4","4","3","1","4","4","3","4","2","3","5","4","4","4","3","Hound Dogs","15","12","48","18","1 foot"," 6 inches to 1 foot"," 10 inches tall at the shoulder"
"Border Terrier","http://dogtime.com/dog-breeds/border-terrier","5","3","2","4","3","4","1","4","5","3","5","1","1","4","5","4","4","4","4","4","3","3","3","3","3","3","3","3","3","3","2","Terrier Dogs","15","12","15","11","10 inches to 11 inches tall at the shoulder","",""
"Maltese","http://dogtime.com/dog-breeds/maltese","5","3","4","3","4","3","1","1","4","3","4","3","2","4","4","3","2","3","3","1","5","4","3","3","1","5","5","2","4","3","4","Companion Dogs","15","12","7","Up","8 inches to 10 inches tall at the shoulder","",""
"Bearded Collie","http://dogtime.com/dog-breeds/bearded-collie","2","3","2","4","3","3","3","5","4","4","3","3","2","5","4","3","3","3","3","4","4","4","3","3","2","3","5","4","4","4","4","Herding Dogs","14","12","55","45","1 foot"," 8 inches to 1 foot"," 10 inches tall at the shoulder"
"Silky Terrier","http://dogtime.com/dog-breeds/silky-terrier","5","3","1","3","3","3","1","3","4","3","2","2","2","4","4","4","3","4","4","2","3","3","3","4","3","5","4","3","3","3","2","Companion Dogs","15","12","10","8","9 inches to 10 inches tall at the shoulder","",""
"Mastiff","http://dogtime.com/dog-breeds/mastiff","4","3","4","4","2","1","5","1","3","3","2","3","3","3","2","2","2","2","3","3","2","3","3","1","3","4","4","2","3","3","2","Working Dogs","10","6","220","130","2 feet"," 3 inches to 2 feet"," 8 inches tall at the shoulder"
"Bull Terrier","http://dogtime.com/dog-breeds/bull-terrier","2","3","5","5","1","3","4","5","4","3","1","1","1","5","4","4","4","4","5","3","4","5","4","3","4","4","4","5","5","5","4","Terrier Dogs","15","10","75","35","1 foot"," 9 inches to 1 foot"," 10 inches tall at the shoulder"
"Yorkshire Terrier","http://dogtime.com/dog-breeds/yorkshire-terrier","4","2","1","2","3","2","1","3","3","2","2","2","1","3","4","3","3","3","3","2","4","5","3","2","1","5","4","2","3","2","2","Companion Dogs","15","12","6","4","8 inches to 9 inches tall at the shoulder","",""
"Chinese Crested","http://dogtime.com/dog-breeds/chinese-crested","5","3","4","2","5","2","1","1","3","3","3","4","3","4","3","2","2","2","1","1","3","5","3","3","1","5","4","4","4","4","4","Companion Dogs","14","10","12","Up","11 inches to 1 foot"," 1 inch tall at the shoulder",""
"Yorkipoo","http://dogtime.com/dog-breeds/yorkipoo","4","3","2","2","5","3","1","2","4","3","3","3","1","3","4","3","2","3","3","2","5","4","4","3","3","5","5","2","3","3","3","Hybrid Dogs","15","10","14","3","7 inches to 1 foot"," 3 inches tall at the shoulder",""
"Great Dane","http://dogtime.com/dog-breeds/great-dane","4","3","5","3","2","1","5","2","3","3","2","2","4","4","4","3","3","4","4","2","3","4","3","3","3","3","5","4","4","4","4","Working Dogs","10","7","200","100","2 feet"," 4 inches to 2 feet"," 10 inches tall at the shoulder"
"Cardigan Welsh Corgi","http://dogtime.com/dog-breeds/cardigan-welsh-corgi","2","3","3","4","5","2","3","2","4","3","3","2","1","5","4","3","3","4","4","4","4","4","4","4","3","4","5","2","4","4","3","Herding Dogs","15","12","38","25","10 inches to 1 foot tall at the shoulder","",""
"Sloughi","http://dogtime.com/dog-breeds/sloughi","3","4","5","3","5","4","4","4","4","4","4","4","3","3","2","3","3","3","3","3","2","4","3","3","3","2","3","2","2","2","2","Hound Dogs","16","12","63","40","2 feet to 2 feet"," 5 inches tall at the shoulder",""
"Anatolian Shepherd Dog","http://dogtime.com/dog-breeds/anatolian-shepherd-dog","2","3","4","3","3","3","5","4","4","3","2","2","2","4","3","3","3","3","3","5","2","4","3","3","3","1","3","1","2","2","2","Working Dogs","13","11","150","80","2 feet"," 3 inches to 2 feet"," 5 inches tall at the shoulder"
"Maltipoo","http://dogtime.com/dog-breeds/maltipoo","4","3","2","2","5","3","2","2","3","3","4","3","2","3","4","3","2","3","3","2","5","3","4","3","3","5","5","4","4","4","3","Hybrid Dogs","13","10","20","5","8 inches to 1 foot"," 2 inches tall at the shoulder",""
"Ibizan Hound","http://dogtime.com/dog-breeds/ibizan-hound","5","4","5","1","5","4","3","4","3","4","5","3","4","3","3","3","3","3","3","2","3","3","3","4","2","3","5","3","4","4","3","Hound Dogs","14","10","50","45","1 foot"," 10 inches to 2 feet"," 3 inches tall at the shoulder"
"Treeing Walker Coonhound","http://dogtime.com/dog-breeds/treeing-walker-coonhound","3","4","5","3","3","3","4","5","4","3","4","3","1","3","3","4","5","4","4","3","2","3","2","3","2","1","4","3","4","4","4","Hound Dogs","13","12","80","45","1 foot"," 8 inches to 2 feet"," 3 inches tall at the shoulder"
"Leonberger","http://dogtime.com/dog-breeds/leonberger","1","3","4","4","3","1","5","2","3","3","4","3","3","2","4","4","4","4","4","5","3","4","3","3","2","1","5","2","4","4","3","Working Dogs","12","10","170","120","2 feet"," 1 inch to 2 feet"," 7 inches tall at the shoulder"
